PUBMED ID,TITLE,AUTHORS,JOURNAL,PUBLICATION DATE
40184622,IRF8 Drives Conventional Type 1 Dendritic Cell Differentiation and CD8(+) T Cell Activation to Aggravate Abdominal Aortic Aneurysm Development.,"Yuan Z, Shu L, Zheng Y, Wang Y, Zheng M, Sun J, Fu J, Zhou Z, Song S, Liu Z, Li F, Cai Z",Adv Sci (Weinh),2025 Apr 4
40184576,Development of a Single-Cell Spatial Metabolomics Method for the Characterization of Cell-Cell Metabolic Interactions.,"Zhang Y, Chen P, Geng H, Li M, Chen S, Ma B, Ma Y, Lai J, Cui X, Chong W, Chen H, Wang X, Sun C",Anal Chem,2025 Apr 4
40184569,Characteristics and Associated Survival of Patients Diagnosed With Non-Small Cell Lung Cancer in a Designated Lung Cancer Program in Western Kenya.,"Busakhala N, Atundo L, Kiprono H, Keitany K, Melly E, Ruto R, Wanja M, Chepsiror D, Rangoonwala H, Kipchirchir C, Chesori E, Oguda J, Opakas J, Loehrer PJ, Diero L, Morgan J",JCO Glob Oncol,2025 Apr
40184452,MIST: An interpretable and flexible deep learning framework for single-T cell transcriptome and receptor analysis.,"Lai W, Li Y, Luo OJ",Sci Adv,2025 Apr 4
40184438,Eosinophil innate immune memory after bacterial skin infection promotes allergic lung inflammation.,"Radhouani M, Farhat A, Hakobyan A, Zahalka S, Pimenov L, Fokina A, Hladik A, Lakovits K, Brösamlen J, Dvorak V, Nunes N, Zech A, Idzko M, Krausgruber T, Köhl J, Uluckan O, Kovarik J, Hoehlig K, Vater A, Eckhard M, Sombke A, Fortelny N, Menche J, Knapp S, Starkl P",Sci Immunol,2025 Apr 4
40184396,"Respiratory health and chronic disease risks in residents of agricultural areas in Chiang Mai, Northern Thailand.","Wongta A, Pata S, Chawansuntati K, Yodkeeree S, Hongsibsong S, Khamduang W",PLoS One,2025
40184233,Impulse Oscillometry is Useful in Detecting Lung Function Abnormalities in Preschoolers with Primary Ciliary Dyskinesia but Not Cystic Fibrosis: A Cross-Sectional Study Results.,"Sunman B, Yalcin E, Alboga D, Capraz Yavuz B, Altay Tanyer E, Emiralioglu N, Dogru D, Özçelik U",Pediatr Allergy Immunol Pulmonol,2025 Apr 4
40184222,Updated progression of honokiol in lung cancer treatment.,"Gao Z, Yang Y, Huang N, Zhao W",J Pharm Pharmacol,2025 Apr 4
40184152,Understanding Cardiovascular Mortality: A Deep Dive Into the Differences Between GBD and CDC WONDER.,"Hashemian M, Roger VL",Circ Cardiovasc Qual Outcomes,2025 Apr 4
40184144,Small cell lung cancer progressing into fatal ascending motor and sensory polyneuropathy despite dramatic response to chemotherapy: A case report.,"Naqvi SM, Hashim HT, Naqvi SY, Alhatemi AQM, Sulaiman FA, Abdulmahdi SM, Al-Obaidi AD, Basalilah AFM, Al-Obaidi A",Medicine (Baltimore),2025 Jan 3
40184115,Comparison of 18F-FDG-PET/CT scans in patients diagnosed with sarcoidosis and tuberculosis.,"Pinar Deniz P, Duru Çetinkaya P, Hanta İ, Arslan MS, Güney İB",Medicine (Baltimore),2025 Jan 3
40184102,Diagnosis of pulmonary adenoid cystic carcinoma using multimodal ultrasound imaging technology: A case report.,"Shi H, Qiu W, Yang P, Zhang Y, Huang T, Mei J, Yin X, Yang Y",Medicine (Baltimore),2025 Jan 3
40184100,Lung cancer palindromia due to the deficiency of vital energy and blood syndrome treated by TCM herbs: A case report.,"Sun X, Tan D, Miao J, Wang C, Xu Y, Yuan F, Fan X",Medicine (Baltimore),2025 Jan 3
40184089,Gamma knife radiosurgery for metastatic brain tumors with contrast media leakage: Case series.,"Park SJ, Park W, Kim YJ, Ahn K, Moon KS, Kim IY, Jung S, Marcelina CDC, Kim SK, Lee KH, Jung TY",Medicine (Baltimore),2025 Jan 3
40184040,Lung-resident memory CD4+ T cells are dependent on Batf3.,"Patterson AM, Nakano H, Whitehead GS, Wilkinson CL, Nakano K, Massri AJ, Cook DN",J Immunol,2025 Apr 4
40183973,The effects of nutritional habits and physical activity on treatment response and survival in patients with lung cancer.,"Yılmaz Kaya Z, Kızılırmak D, Havlucu Y",Support Care Cancer,2025 Apr 4
40183951,Hypermetabolic pulmonary lesions detection and diagnosis based on PET/CT imaging and deep learning models.,"Hu J, Cheng R, Quan M, Peng Y, Yang Z, Zhang Q, Ji F, Chen Y, Li B, Wen N",Eur J Nucl Med Mol Imaging,2025 Apr 4
40183949,Leveraging machine learning with dynamic 18F-FDG PET/CT: integrating metabolic and flow features for lung cancer differential diagnosis.,"Yao Z, Wang Y, Wu Y, Zhou J, Dang N, Wang M, Liang Y, Sun T",Eur J Nucl Med Mol Imaging,2025 Apr 4
40183860,Multiorgan sequelae following non-COVID-19 respiratory infections: a review.,"Weckler BC, Kutzinski M, Vogelmeier CF, Schmeck B",Infection,2025 Apr 4
40183760,"Human Immunodeficiency Virus-Associated Differences in the Tumor Immune Microenvironment of Lung, Breast, and Prostate Cancers.","Fenlon J, Van Bibber N, Mahlow J, Yamoah K, Soupir AC, Nguyen JV, Moran Segura C, Spivak AM, Knudsen BS, Zhou Q, Hu-Lieskovan S, Puri S, Zhang W, DeRose YS, Suneja G, Coghill AE",Cancer Epidemiol Biomarkers Prev,2025 Apr 4
40183757,Inflammatory Mediator Profiles in the Unchallenged Sinonasal Mucus of Allergic Rhinitis Patients Set to Begin Allergen Immunotherapy.,"Worden CP, Speen AM, Rebuli ME, Jaspers I, Thorp BD, Klatt-Cromwell CN, Senior BA, Kimple AJ, Ebert CS Jr",Int Forum Allergy Rhinol,2025 Apr 4
40183740,Mass-Forming Variants in Antineutrophil Cytoplasmic Antibody-Associated Vasculitis: Diagnostic Complexities in Granulomatous Disease. A Case Report.,"Fazzi B, Treppo E, Longhino S, Pillon M, Quartuccio L",ACR Open Rheumatol,2025 Apr
40183713,Inclusion of Participants With Non-English Language Preference in Heart Failure Clinical Trials.,"Latif Z, Donald EM, Makuvire TT, Mehta A, Shah MK, Taylor CN, Vargas F, Elgammal Z, Blumer V, Ibrahim NE, DeFilippis EM",JACC Heart Fail,2025 Mar 29
40183687,Involvement of ryanodine receptors in the contraction of small pulmonary veins.,"Varas F, Fonseca M, Astudillo N, Gorski D, Harrison D, Martin CS, Ramirez Arevalo S, Henriquez M",Am J Physiol Lung Cell Mol Physiol,2025 Apr 4
40183684,A comparative analysis of five fungal species isolated from high-altitude air samples based on their induction of murine lung eosinophilia along with heated Asian sand dust.,"Sadakane K, Ichinose T, Maki T, Takano H, Shibamoto T",Int J Environ Health Res,2025 Apr 4
40183670,Hyperoxia-induced senescence in fetal airway smooth muscle cells: Role of mitochondrial reactive oxygen species and endoplasmic reticulum stress.,"Koloko Ngassie ML, Thompson MA, Roos BB, Ayyalasomayajula S, Lagnado AB, Passos JF, Pabelick CM, Prakash YS",Am J Physiol Lung Cell Mol Physiol,2025 Apr 4
40183669,Air Embolism after Percutaneous Lung Biopsy or Ablation: A Report of Six Cases.,"Choi R, Phan HK, Gurusamy V, Sheth RA, Odisio BC, Hong K, Tam AL",Radiol Imaging Cancer,2025 May
40183636,Cooperation of a polymerizing SAM domain and an intrinsically disordered region enables full SAMD1 function on chromatin.,"Geller M, Cao Y, Simon C, Stielow B, Xu J, Wei P, Nist A, Rohner I, Jeude LM, Huber T, Stiewe T, Wang Z, Liefke R",Nucleic Acids Res,2025 Mar 20
40183584,"Unraveling the gut microbiota's role in obesity: key metabolites, microbial species, and therapeutic insights.","Iqbal M, Yu Q, Tang J, Xiang J",J Bacteriol,2025 Apr 4
40183583,Synergistic effects of PA (S184N) and PB2 (E627K) mutations on the increased pathogenicity of H3N2 canine influenza virus infections in mice and dogs.,"Xiao X, Wang X, Xu F, Liang Y, Luo Y, Li S, Zhou P",J Virol,2025 Apr 4
40183504,Alveolar macrophages: guardians of the alveolar lipid galaxy.,"Little I, Bersie S, Redente EF, McCubbrey AL, Tarling EJ",Curr Opin Lipidol,2025 Apr 3
40183470,Lipid Nanoparticles for In Vivo Lung Delivery of CRISPR-Cas9 Ribonucleoproteins Allow Gene Editing of Clinical Targets.,"Haley RM, Padilla MS, El-Mayta RD, Joseph RA, Weber JA, Figueroa-Espada CG, Mukalel AJ, Ricciardi AS, Palanki R, Geisler HC, Jester MT, Davidson BL, Mitchell MJ",ACS Nano,2025 Apr 4
40183398,Thermal cycling‑hyperthermia sensitizes non‑small cell lung cancer A549 cells to EGFR tyrosine kinase inhibitor erlotinib.,"Lin GB, Chen WT, Kuo YY, Liu HH, Chen YM, Leu SJ, Chao CY",Oncol Rep,2025 May
40183386,Effect of quercetin on inhibiting gefitinib‑activated non‑small cell lung cancer‑induced cell pyroptosis in cardiomyocytes via modulating mitochondrial autophagy mediated by the SHP2/ROS/AMPK/XBP‑1/DJ‑1 signaling pathway.,"Zhang J, Qi S, Du Y, Dai H, Liu N",Oncol Rep,2025 May
40183382,[Retracted] (‑)‑β‑hydrastine suppresses the proliferation and invasion of human lung adenocarcinoma cells by inhibiting PAK4 kinase activity.,"Guo B, Li X, Song S, Chen M, Cheng M, Zhao D, Li F",Oncol Rep,2025 May
40183351,Fibrotic scar formation after cerebral ischemic stroke: targeting the Sonic hedgehog signaling pathway for scar reduction.,"Wen J, Tang H, Tian M, Wang L, Yang Q, Zhao Y, Li X, Ren Y, Wang J, Zhou L, Tan Y, Wu H, Cai X, Wang Y, Cao H, Xu J, Yang Q",Neural Regen Res,2025 Feb 24
40183277,Metformin Inhibits the Development of Lung Adenocarcinoma by Regulating the Expression of CCNA2 via E2F1.,"Wang L, Huang Y, Tian M, Hu M, Zhang K, Lian C, Wang X, Zhang J",Comb Chem High Throughput Screen,2025 Apr 3
40183266,"Shared Genetic Basis, Biological Function and Causal Relationship Between Sleep Traits and Hypothyroidism: Evidence from a Comprehensive Genetic Analysis.","Shi Y, Guo M, Wang Y, Zeng G, Li W, Wu M, Li B",Endocr Metab Immune Disord Drug Targets,2025 Apr 3
40183219,Real-world data of immune-related adverse events in lung cancer patients receiving immune-checkpoint inhibitors.,"Hu X, Rodday AM, Gurinovich A, Pan S, Salei YV, Lin JH, Byrne MM, Cao Y, Pai L, Parsons SK",Immunotherapy,2025 Apr 4
40183088,Adverse kidney related events following targeted therapies in lung cancer: a systematic review and network meta-analysis of randomized controlled trials.,"Ren S, Wang W, Yao X, Fang W, Li G, Feng Y, Xia M",Front Pharmacol,2025
40182927,A panel of six immune-related mRNAs as biomarkers for tuberculosis diagnosis.,"Wei Y, Wen Z, Xue Q, Wang L, Chen H, Shi L, Wan L, Li L, Li H, Hao W, Zhang S, Wong KW, Yu X, Song Y",Front Genet,2025
40182841,Targeted therapy for idiopathic pulmonary fibrosis: a bibliometric analysis of 2004-2024.,"Zhang X, Yuan Z, Shi X, Yang J",Front Med (Lausanne),2025
40182728,"Normative cardiorespiratory values in Italian first-division male soccer players: effects of age, playing position and season phase.","Paco AD, Laveneziana P, Onorati P, Trotta L, Boccia G",Biol Sport,2025 Apr
40182647,Association Between Neutrophil Percentage-to-Albumin Ratio and Depression in Middle-Aged and Elderly Adults: A National Study.,"Zhao L, Li C, Lv H, Zeng C, Peng Y",Behav Neurol,2025
40182622,Investigation of sphingolipid-related genes in lung adenocarcinoma.,"Mao J, Li L, Sun H, Han J, Li J, Dong CS, Zhao H",Front Mol Biosci,2025
40182503,Fluorescence based live cell imaging identifies exon 14 skipped hepatocyte growth factor receptor (MET) degraders.,"Mallareddy JR, Yang L, Lin WH, Feathers R, Ayers-Ringler J, Tolosa E, Kizhake AG, Kizhake S, Kubica SP, Boghean L, Alvarez S, Naldrett MJ, Singh S, Rana S, Zahid M, Schaefer-Klein J, Roden A, Kosari F, Anastasiadis PZ, Borad M, Natarajan A, Mansfield AS",RSC Adv,2025 Mar 28
40182417,Managing Multivalvular Bioprosthetic Failure and a Hidden Aortic Root-Left Ventricular Outflow Tract Fistula With a Transcatheter Approach: Balancing Risk and Intervention.,"Jelisejevas J, Husain A, Chiang B, Paje H, Ogran H, Wussler DN, Sellers SL, Leipsic JA, Blanke P, Cook R, Sathananthan J, Webb JG, Wood DA",CJC Open,2025 Mar
40182341,Inadvertent Worsening of a Small Primary Spontaneous Pneumothorax: A Case Report Highlighting the Importance of Adhering to British Thoracic Society (BTS) Guidelines.,"Shakhloul M, Amer A",Cureus,2025 Mar
40182157,A case of hypersensitivity pneumonitis caused by a humidifier: diagnosis and management in rural practice.,"Sakamoto T, Amagai T",J Rural Med,2025 Apr
40182155,Early insulin averts hyperglycemic crisis in slow-onset durvalumab-induced checkpoint inhibitor-associated autoimmune diabetes mellitus.,"Matsuda T, Osaki Y, Sekiya M, Shimano H",J Rural Med,2025 Apr
40182125,Nomogram for predicting the risk and prognosis of lung metastasis of four subtypes of breast cancer: A population-based study from SEER.,"Xin Y, Zhang G, Dong Q, Liu Y, Huo X, Guan Y, Zheng Y, Fang Q, Ren D, Zhao F, Li Z, Liu X, Zhao J",Cancer Pathog Ther,2025 Mar
40182124,A Bayesian network meta-analysis of EGFR-tyrosine kinase inhibitor treatments in patients with EGFR mutation-positive non-small cell lung cancer.,"Yin J, Huang J, Ren M, Tang R, Xie L, Xue J",Cancer Pathog Ther,2025 Mar
40182111,"Response to a letter on the article ""The relationship between advanced lung cancer inflammation index and high SYNTAX score in patients with non-ST-elevation myocardial infarction"".","Hakan Konuş A, Faruk Çırakoğlu Ö",Postepy Kardiol Interwencyjnej,2025 Mar
40182093,The relationship between advanced lung cancer inflammation index and high SYNTAX score in patients with non-ST-elevation myocardial infarction.,Gitmez M,Postepy Kardiol Interwencyjnej,2025 Mar
40182045,Durable response to Olaparib in EGFR and somatic BRCA2-mutated lung adenocarcinoma with leptomeningeal metastases: a case report.,"Hou FF, Liu LR, Zhao WJ, Qu YC, Zhou R, Wang TL, Ye YS, Chai XS, Zhang HB",Front Oncol,2025
40182027,Correlation analysis on epidermal growth factor receptor (EGFR) mutations and clinicopathological characteristics in lung adenocarcinomas.,"Wang H, Ji C, Zhou C, Li H",Front Oncol,2025
40182015,Hepatocyte Toll-like receptors contribute to the hepcidin inflammatory response to pathogens and pathogen-derived ligands.,"Bonitz K, Colucci S, Qiu R, Altamura S, Sparla R, Mudder K, Zimmermann S, Hentze MW, Muckenthaler MU, Marques O",Hemasphere,2025 Apr
40182002,Respiratory and airway disorders in children with Down Syndrome: a review of the clinical challenges and management.,"Craven VE, Daw WJ, Wan JWY, Elphick HE",Front Pediatr,2025
40181992,The role of monocytes and macrophages in idiopathic inflammatory myopathies: insights into pathogenesis and potential targets.,"Izuka S, Komai T, Tsuchida Y, Tsuchiya H, Okamura T, Fujio K",Front Immunol,2025
40181990,Iguratimod improves bleomycin-induced pulmonary inflammation and fibrosis by regulating macrophage polarization through inhibiting the TLR4/NF-κB pathway.,"Xu H, Ma K, Ma Z, Zhuang T, Lin L",Front Immunol,2025
40181989,Comprehensive sequencing of the lung neuroimmune landscape in response to asthmatic induction.,"McSwiggin H, Wang R, Magalhães RDM, Zhu F, Doherty TA, Yan W, Jendzjowsky N",Front Immunol,2025
40181985,Neutrophils negatively control IL-17A-producing γδ T cell frequencies in a contact-dependent manner under physiological conditions.,"Yu X, Yue X, Tchudjin Magatsin JD, Marwitz S, Behrends J, Goldmann T, Opferman JT, Kasper B, Petersen F",Front Immunol,2025
40181978,Targeting CCRL2 enhances therapeutic outcomes in a tuberculosis mouse model.,"Wang T, Quijada D, Ahmedna T, Castillo JR, Naji NS, Peske JD, Karakousis PC, Paul S, Karantanos T, Karanika S",Front Immunol,2025
40181976,Fatty acid metabolism-derived prognostic model for lung adenocarcinoma: unraveling the link to survival and immune response.,"Wu RZ, Sun QQ, Fu Y, Yu HN, Liu WY, Wu YH, Zhang H, Pan YL, Rui X",Front Immunol,2025
40181972,Global research trends of tumor microenvironment in non-small cell lung cancer with epidermal growth factor receptor mutation: a bibliometric analysis from 2014 to 2023.,"Chang X, Wang C, Wang F, Zhang L",Front Immunol,2025
40181968,"Evaluation of safety, immunogenicity, and efficacy of inactivated reverse-genetics-based H5N8 highly pathogenic avian influenza virus vaccine with various adjuvants via parenteral and mucosal routes in chickens.","Tabynov K, Kuanyshbek A, Yelchibayeva L, Zharmambet K, Zhumadilova Z, Fomin G, Petrovsky N, Shekoni OC, Renukaradhya GJ, Tabynov K",Front Immunol,2025
40181964,Developing CAR-T/NK cells that target EphA2 for non-small cell lung cancer treatment.,"Kim SM, Lee SY, Kim SI, Bae JY, Hong JT, Jo S, Kim JH, Chung HY, Kim TD",Front Immunol,2025
40181963,Study on the efficacy of IFN-γ- and sPD-1-overexpressing BMSCs in enhancing immune effects for the treatment of lung adenocarcinoma.,"Xie Y, Lv Z, Wang Y, Ma J, Wei X, Zheng G, Wu J",Front Immunol,2025
40181958,Recombinant protein Ag85B-Rv2660c-MPT70 promotes quality of BCG-induced immune response against Mycobacterium tuberculosis H37Ra.,"Ouyang J, Guo S, Hu Z, Cao T, Mou J, Gu X, Huang C, Liu J",Front Immunol,2025
40181949,Global burden of lung cancer attributable to metabolic and dietary risk factors: an overview of 3 decades and forecasted trends to 2036.,"Xiang Y, Chen Y, Lan L, Chen S, Shu Q",Front Nutr,2025
40181846,SRSF2 overexpression induces transcription-/replication-dependent DNA double-strand breaks and interferes with DNA repair pathways to promote lung tumor progression.,"Khalife M, Jia T, Caron P, Shreim A, Genoux A, Cristini A, Pucciarelli A, Leverve M, Lepeltier N, García-Rodríguez N, Dalonneau F, Ramachandran S, Fernandez Martinez L, Marcion G, Lemaitre N, Brambilla E, Garrido C, Hammond EM, Huertas P, Gazzeri S, Sordet O, Eymin B",NAR Cancer,2025 Jun
40181840,"Expression of concern ""circ_0020123 promotes cell proliferation and migration in lung adenocarcinoma via PDZD8"".",Editors of Open Medicine,Open Med (Wars),2025
40181809,Durability of benralizumab effectiveness in severe eosinophilic asthma patients with and without chronic rhinosinusitis with nasal polyps: a post hoc analysis from the ANANKE study.,"Brussino L, Aliani M, Altieri E, Bracciale P, Caiaffa MF, Cameli P, Canonica GW, Caruso C, Centanni S, De Michele F, Del Giacco S, Di Marco F, Malerba L, Menzella F, Pelaia G, Rogliani P, Romagnoli M, Schino P, Schroeder JW, Senna G, Vultaggio A, D'Amato M",Front Allergy,2025
40181787,"""Molecular detection of a novel Herpesvirus in the stone-curlew (Burhinus oedicnemus) from the Canary Islands"".","Colom-Rivero A, Fernández A, Marrero-Ponce L, Castro-Alonso A, Rivero-Herrera C, Caballero-Hernández L, Suárez-Santana C, Sierra E",Avian Pathol,2025 Apr 4
40181773,Piezo1 in PASMCs: Critical for Hypoxia-Induced Pulmonary Hypertension Development.,"Knoepp F, Abid S, Houssaini A, Lipskaia L, Gökyildirim MY, Born E, Marcos E, Arhatte M, Glogowska E, Vienney N, Günther A, Kraut S, Breitenborn-Mueller I, Quanz K, Fenner-Nau D, Derumeaux G, Weissmann N, Honoré E, Adnot S",Circ Res,2025 Apr 4
40181609,The effect of M-current activation on controller gain and obstructive sleep apnoea severity: a randomised controlled trial using flupirtine.,"Thomson LDJ, Landry SA, Arellano A, Collet J, Huddle S, O'Driscoll DM, Mann DL, Beatty C, Joosten SA, Hamilton GS, Berger PJ, Cooke I, Edwards BA",J Physiol,2025 Apr 3
40181583,Incidence and spectrum of typical complications associated with immunosuppressant use in rheumatic disease: A nationwide retrospective study.,"Park S, Lee AY, Jeong J, Heo KN, Han JM, Ah YM, Lee JY",Br J Clin Pharmacol,2025 Apr 3
40181503,"Assessment of non-small cell lung cancer online videos in China: A cross-sectional study on quality, content, understandability, actionability, and reliability.","Feng X, Xu Y, Yang Y, Zheng Y, Li J",Health Informatics J,2025 Apr-Jun
40181484,"A mapping review and critique of the literature on translation, dissemination, and implementation capacity building initiatives for different audiences.","Baumann AA, Adams DR, Baldwin LM, Tabak RG, Malone S, Keeper MM, Misra-Hebert AD, Stevens KR, Fernandez ME, Kripalani S",Implement Sci Commun,2025 Apr 3
40181405,NKG2D/CD28 chimeric receptor boosts cytotoxicity and durability of CAR-T cells for solid and hematological tumors.,"Teng X, Li S, Zhang C, Ding H, Tian Z, Zhu Y, Liu T, Zhang G, Sun K, Xie H, Tu J, Lu Z",Exp Hematol Oncol,2025 Apr 3
40181378,Habitat radiomics analysis for progression free survival and immune-related adverse reaction prediction in non-small cell lung cancer treated by immunotherapy.,"Wu Y, Zhang W, Liang X, Zhang P, Zhang M, Jiang Y, Cui Y, Chen Y, Zhou W, Liang Q, Dai J, Zhang C, Xu J, Li J, Yu T, Zhang Z, Guo R",J Transl Med,2025 Apr 3
40181341,"Global lung cancer burden attributable to air fine particulate matter and tobacco smoke exposure: spatiotemporal patterns, sociodemographic characteristics, and transnational inequalities from 1990 to 2021.","Zhang Y, Wang W, Dai K, Huang Y, Wang R, He D, He J, Liang H",BMC Public Health,2025 Apr 3
40181336,Pan-cancer analysis identifies CLEC12A as a potential biomarker and therapeutic target for lung adenocarcinoma.,"Zhou D, Cui Y, Liang T, Wu Z, Yan H, Li Y, Yin W, Lin Y, You Q",Cancer Cell Int,2025 Apr 3
40181324,"Global and national burden of tracheal, bronchus, and lung cancer attributabled to household air pollution from solid fuels in populations aged 55 and above: an integrated study of frontier and joinpoint regression analysis.","He KJ, Xu Z, Xu J, Gong G",BMC Public Health,2025 Apr 3
40181307,Microwave ablation of non-small cell lung cancer enhances local T-cell abundance and alters monocyte interactions.,"Guo RQ, Li YM, Bie ZX, Peng JZ, Li XG",BMC Cancer,2025 Apr 3
40181241,Frequency Matters: The Influence of Stimulation Frequency on Force Loss for Human Females and Males.,"Paish AD, Eves ND, McNeil CJ",Med Sci Sports Exerc,2025 Apr 4
40181212,An extension to the OVH concept for knowledge-based dose volume histogram prediction in lung tumor volumetric-modulated arc therapy.,"Brand J, Szkitsak J, Ott OJ, Bert C, Speer S",J Appl Clin Med Phys,2025 Apr 3
40181193,"A large-scale genome-wide study of gene-sleep duration interactions for blood pressure in 811,405 individuals from diverse populations.","Nagarajan P, Winkler TW, Bentley AR, Miller CL, Kraja AT, Schwander K, Lee S, Wang W, Brown MR, Morrison JL, Giri A, O'Connell JR, Bartz TM, de Las Fuentes L, Gudmundsdottir V, Guo X, Harris SE, Huang Z, Kals M, Kho M, Lefevre C, Luan J, Lyytikäinen LP, Mangino M, Milaneschi Y, Palmer ND, Rao V, Rauramaa R, Shen B, Stadler S, Sun Q, Tang J, Thériault S, van der Graaf A, van der Most PJ, Wang Y, Weiss S, Westerman KE, Yang Q, Yasuharu T, Zhao W, Zhu W, Altschul D, Ansari MAY, Anugu P, Argoty-Pantoja AD, Arzt M, Aschard H, Attia JR, Bazzanno L, Breyer MA, Brody JA, Cade BE, Chen HH, Chen YI, Chen Z, de Vries PS, Dimitrov LM, Do A, Du J, Dupont CT, Edwards TL, Evans MK, Faquih T, Felix SB, Fisher-Hoch SP, Floyd JS, Graff M, Gu C, Gu D, Hairston KG, Hanley AJ, Heid IM, Heikkinen S, Highland HM, Hood MM, Kähönen M, Karvonen-Gutierrez CA, Kawaguchi T, Kazuya S, Kelly TN, Komulainen P, Levy D, Lin HJ, Liu PY, Marques-Vidal P, McCormick JB, Mei H, Meigs JB, Menni C, Nam K, Nolte IM, Pacheco NL, Petty LE, Polikowsky HG, Province MA, Psaty BM, Raffield LM, Raitakari OT, Rich SS, Riha RL, Risch L, Risch M, Ruiz-Narvaez EA, Scott RJ, Sitlani CM, Smith JA, Sofer T, Teder-Laving M, Völker U, Vollenweider P, Wang G, Willems van Dijk K, Wilson OD, Xia R, Yao J, Young KL, Zhang R, Zhu X, Below JE, Böger CA, Conen D, Cox SR, Dörr M, Feitosa MF, Fox ER, Franceschini N, Gharib SA, Gudnason V, Harlow SD, He J, Holliday EG, Kutalik Z, Lakka TA, Lawlor DA, Lee S, Lehtimäki T, Li C, Liu CT, Mägi R, Matsuda F, Morrison AC, Penninx BW, Peyser PA, Rotter JI, Snieder H, Spector TD, Wagenknecht LE, Wareham NJ, Zonderman AB, North KE, Fornage M, Million Veteran Program, Hung AM, Manning AK, Gauderman J, Chen H, Munroe PB, Rao DC, van Heemst D, Redline S, Noordam R, Wang H",Mol Psychiatry,2025 Apr 4
40181186,Formyl-peptide receptor type 2 activation mitigates heart and lung damage in inflammatory arthritis.,"Margraf A, Chen J, Christoforou M, Claria-Ribas P, Henriques Schneider A, Cecconello C, Bu W, Imbert PRC, Wright TD, Russo S, Blacksell IA, Koenis DS, Dalli J, Lupisella JA, Wurtz NR, Garcia RA, Cooper D, Norling LV, Perretti M",EMBO Mol Med,2025 Apr 3
40181185,Getting to the heart of cardiovascular complications associated with inflammatory arthritis.,"Shi H, Annex BH",EMBO Mol Med,2025 Apr 3
40181180,Clinical implementation of AI-based screening for risk for opioid use disorder in hospitalized adults.,"Afshar M, Resnik F, Joyce C, Oguss M, Dligach D, Burnside ES, Sullivan AG, Churpek MM, Patterson BW, Salisbury-Afshar E, Liao FJ, Goswami C, Brown R, Mundt MP",Nat Med,2025 Apr 3
40181048,"The interaction between ΔNp63α and TAp63α, mediated by miR-205-5p, inhibits the migration of lung adenocarcinoma cells.","Qobadi-Nasr S, Pourgholami MH, Mowla SJ",Sci Rep,2025 Apr 3
40181045,Genome-wide screening and validation of exosome-derived TLN1 as a regulator of epithelial-mesenchymal transition in lung cancer.,"Ruan X, Wan X, Ma W, Liu J, Tian T, Zhang J, Zhi J, Qiu M, Zhao M, Wang Q, Li P",Sci Rep,2025 Apr 3
40181013,"Design, development, and preclinical evaluation of pirfenidone-loaded nanostructured lipid carriers for pulmonary delivery.","Chettupalli AK, Kakkerla A, Jadi RK, Uppu P, Ghazwani M, Hani U, Amarachinta PR, Sarvani P, Haque MA",Sci Rep,2025 Apr 3
40180981,Intrapleural pressure-controlled piezo-catalytic nanozyme for the inhibition of malignant pleural effusion.,"Xu Z, He X, Gui Y, Tang L, Zhao Y, Song L, Xu T, Chen M, Zhao Y, Du P, Wang X, Chen S, Luo Y, Luo F, Meng H, Hu J, Zhuo W, Jing J, Shi H",Nat Commun,2025 Apr 3
40180919,Open Access Dataset and Common Data Model for Pulse Oximeter Performance Data.,"Fong N, Lipnick MS, Behnke E, Chou Y, Elmankabadi S, Ortiz L, Almond CS, Auchus I, Burnett GW, Bisegerwa R, Conrad DR, Hendrickson CM, Hooli S, Kopotic R, Leeb G, Martin D, McCollum ED, Monk EP, Moore KL Jr, Shmuylovich L, Scott JB, Wong AI, Zhou T, Pirracchio R, Bickler PE, Feiner J, Law TJ",Sci Data,2025 Apr 3
40180914,A novel PLpro inhibitor improves outcomes in a pre-clinical model of long COVID.,"M Bader S, Calleja DJ, Devine SM, Kuchel NW, Lu BGC, Wu X, Birkinshaw RW, Bhandari R, Loi K, Volpe R, Khakham Y, Au AE, Blackmore TR, Mackiewicz L, Dayton M, Schaefer J, Scherer L, Stock AT, Cooney JP, Schoffer K, Maluenda A, Kleeman EA, Davidson KC, Allison CC, Ebert G, Chen G, Katneni K, Klemm TA, Nachbur U, Georgy SR, Czabotar PE, Hannan AJ, Putoczki TL, Tanzer M, Pellegrini M, Lechtenberg BC, Charman SA, Call MJ, Mitchell JP, Lowes KN, Lessene G, Doerflinger M, Komander D",Nat Commun,2025 Apr 3
40180897,Correction: NF-κB-mediated EAAT3 upregulation in antioxidant defense and ferroptosis sensitivity in lung cancer.,"Wen D, Li W, Song X, Hu M, Liao Y, Xu D, Deng J, Guo W",Cell Death Dis,2025 Apr 3
40180796,Efficacy of a deep learning-based software for chest X-ray analysis in an emergency department.,"Selvam S, Peyrony O, Elezi A, Braganca A, Zagdanski AM, Biard L, Assouline J, Chassagnon G, Mulier G, de Margerie-Mellon C",Diagn Interv Imaging,2025 Apr 3
40180761,Exosomes derived from bone marrow mesenchymal stem cells alleviate lung ischemia-reperfusion injury in rats through miRNA-335/ SIRT3 pathway.,"Zhang B, Meng C, Quan L, Duan L, Kang J, Zhou H",Drug Deliv Transl Res,2025 Apr 3
